,index,facility_name,source_facility_type,odhf_facility_type,provider,unit,street_no,street_name,postal_code,city,province,source_format_str_address,CSDname,CSDuid,Pruid,latitude,longitude
1349,2443,Alexandra Hospital,general,Hospitals,Public Health Agency of Canada,,29,noxon st,N5C 3V6,ingersoll,on,29 noxon st. ingersoll on n5c 3v6,Ingersoll,3532018.0,35,43.032068,-80.87545899999999
1367,2462,Almonte General Hospital,general,Hospitals,Public Health Agency of Canada,,75,spring st,K0A 1A0,almonte,on,75 spring st. almonte on k0a 1a0,Mississippi Mills,3509030.0,35,45.229134,-76.189495
1447,2539,Anson General Hospital,general,Hospitals,Public Health Agency of Canada,,58,anson dr,P0K 1E0,iroquois falls,on,58 anson dr. iroquois falls on p0k 1e0,Iroquois Falls,3556031.0,35,48.7690269,-80.6860401
1461,2560,Arnprior Regional Health  Arnprior & District Memorial Hospital,general,Hospitals,Public Health Agency of Canada,,350,john st n,K7S 2P6,arnprior,on,350 john st. n. arnprior on k7s 2p6,Arnprior,3547002.0,35,45.441542,-76.35292
1549,2657,Bingham Memorial Hospital,general,Hospitals,Public Health Agency of Canada,,507,8 ave,P0K 1N0,matheson,on,507 8th ave. matheson on p0k 1n0,Black River-Matheson,3556014.0,35,48.5396038,-80.4697506
1562,2670,Blind River District Health Centre,general,Hospitals,Public Health Agency of Canada,,525,causley st,P0R 1B0,blind river,on,525 causley st. blind river on p0r 1b0,Blind River,3557038.0,35,46.1873626,-82.92406319999999
1569,2677,Bluewater Health,general,Hospitals,Public Health Agency of Canada,,89,norman st,N7T 6S3,sarnia,on,89 norman st. sarnia on n7t 6s3,Sarnia,3538030.0,35,42.9773664,-82.39054759999999
1591,2707,Brant Community Healthcare System - Brantford General Hospital Site,general,Hospitals,Public Health Agency of Canada,,200,terrace hill st,N3R 1G9,brantford,on,200 terrace hill st. brantford on n3r 1g9,Brantford,3529006.0,35,43.152313,-80.276196
1611,2729,Brockville General Hospital,general,Hospitals,Public Health Agency of Canada,,75,charles st,K6V 1S8,brockville,on,75 charles st. brockville on k6v 1s8,Brockville,3507015.0,35,44.597394,-75.681314
1639,2766,Cambridge Memorial Hospital,general,Hospitals,Public Health Agency of Canada,,700,coronation blvd,N1R 3G2,cambridge,on,700 coronation blvd. cambridge on n1r 3g2,Cambridge,3530010.0,35,43.378517,-80.32855
1643,2770,Campbellford Memorial Hospital,general,Hospitals,Public Health Agency of Canada,,146,oliver rd,K0L 1L0,campbellford,on,146 oliver rd. campbellford on k0l 1l0,Trent Hills,3514045.0,35,44.3124044,-77.78984759999999
1742,2885,Carleton Place and District Memorial Hospital,general,Hospitals,Public Health Agency of Canada,,211,lake ave e,K7C 1J4,carleton place,on,211 lake ave. e. carleton place on k7c 1j4,Carleton Place,3509028.0,35,45.140984,-76.13668100000001
1966,3123,Chatham-Kent Health Alliance,general,Hospitals,Public Health Agency of Canada,,80,grand ave w,N7M 5L9,chatham,on,80 grand ave. w. chatham on n7m 5l9,Chatham-Kent,3536020.0,35,42.405071,-82.193665
1967,3126,Chatham-Kent Health Alliance - Sydenham District Hospital Campus,general,Hospitals,Public Health Agency of Canada,,325,margaret ave,N8A 2A7,wallaceburg,on,325 margaret ave. wallaceburg on n8a 2a7,Chatham-Kent,3536020.0,35,42.598468,-82.366871
2038,3212,Collingwood General and Marine Hospital,general,Hospitals,Public Health Agency of Canada,,459,hume st,L9Y 1W9,collingwood,on,459 hume st. collingwood on l9y 1w9,Collingwood,3543031.0,35,44.499502,-80.203407
2076,3260,Cornwall Community Hospital - Mcconnell Ave.,general,Hospitals,Public Health Agency of Canada,,840,mcconnell ave,K6H 5S5,cornwall,on,840 mcconnell ave. cornwall on k6h 5s5,Cornwall,3501012.0,35,45.029921,-74.718312
2091,3277,Cosmetic Surgery Hospital,general,Hospitals,Public Health Agency of Canada,,4650,hwy 7,L4L 1S7,woodbridge,on,4650 hwy. 7 woodbridge on l4l 1s7,Vaughan,3519028.0,35,43.7833018,-79.57800300000001
2125,3327,Credit Valley Hospital,general,Hospitals,Public Health Agency of Canada,,2200,eglinton ave w,L5M 2N1,mississauga,on,2200 eglinton ave. w. mississauga on l5m 2n1,Mississauga,3521005.0,35,43.5593496,-79.7032464
2152,3356,Deep River and District Hospital,general,Hospitals,Public Health Agency of Canada,,117,banting dr,K0J 1P0,deep river,on,117 banting dr. deep river on k0j 1p0,Deep River,3547096.0,35,46.0908667,-77.4750037
2194,3397,Dryden Regional Health Centre,general,Hospitals,Public Health Agency of Canada,,58,goodall st,P8N 2Z6,dryden,on,58 goodall st. dryden on p8n 2z6,Dryden,3560027.0,35,49.76956,-92.838641
2249,3457,Emo Health Centre,general,Hospitals,Public Health Agency of Canada,,260,front street,P0W 1E0,emo,on,260 front street emo on p0w 1e0,Emo,3559019.0,35,48.631491,-93.842073
2257,3464,Englehart and District Hospital Inc.,general,Hospitals,Public Health Agency of Canada,,61,5 st,P0J 1H0,englehart,on,61 - 5th st. englehart on p0j 1h0,Englehart,3554052.0,35,47.823199,-79.879574
2265,3474,Espanola General Hospital,general,Hospitals,Public Health Agency of Canada,,825,mckinnon dr,P5E 1R4,espanola,on,825 mckinnon dr. espanola on p5e 1r4,Espanola,3552026.0,35,46.248452,-81.78083199999999
2368,3581,Four Counties Health Services Corporation,general,Hospitals,Public Health Agency of Canada,,,rr 3,N0L 1Z0,newbury,on,r.r. 3 newbury on n0l 1z0,Newbury,3539002.0,35,42.683425,-81.78922299999999
2405,3615,Georgetown Hospital,general,Hospitals,Public Health Agency of Canada,,1,princess anne dr,L7G 2B8,georgetown,on,1 princess anne dr. georgetown on l7g 2b8,Halton Hills,3524015.0,35,43.644797,-79.933322
2412,3627,Geraldton District Hospital,general,Hospitals,Public Health Agency of Canada,,500,hogarth st w,P0T 1M0,geraldton,on,500 hogarth st. w. geraldton on p0t 1m0,Greenstone,3558075.0,35,49.7226939,-86.9547123
2451,3672,Grand River Hospital,general,Hospitals,Public Health Agency of Canada,,835,king st w,N2G 1G3,kitchener,on,835 king st. w kitchener on n2g 1g3,Kitchener,3530013.0,35,43.4557709,-80.51168009999999
2472,3698,Grey Bruce Health Services (Corporate Headquarters) - Owen Sound,general,Hospitals,Public Health Agency of Canada,,1800,8 st e,N4K 6M9,owen sound,on,1800 - 8th st. e. owen sound on n4k 6m9,Owen Sound,3542059.0,35,44.569716,-80.910861
2473,3699,Grey Bruce Health Services - Lion's Head,general,Hospitals,Public Health Agency of Canada,,22,moore st,N0H 1W0,lions head,on,22 moore st. lion's head on n0h 1w0,Northern Bruce Peninsula,3541069.0,35,44.9860183,-81.2489387
2475,3700,Grey Bruce Health Services - Markdale,general,Hospitals,Public Health Agency of Canada,,55,isla st,N0C 1H0,markdale,on,55 isla st. markdale on n0c 1h0,Grey Highlands,3542015.0,35,44.3181695,-80.6501723
2476,3701,Grey Bruce Health Services - Meaford,general,Hospitals,Public Health Agency of Canada,,229,nelson st w,N4L 1A3,meaford,on,229 nelson st. w. meaford on n4l 1a3,Meaford,3542047.0,35,44.6057164,-80.599874
2477,3703,Grey Bruce Health Services - Southampton,general,Hospitals,Public Health Agency of Canada,,340,high st,N0H 2L0,southampton,on,340 high st. southampton on n0h 2l0,Saugeen Shores,3541045.0,35,44.4933843,-81.36606590000001
2478,3704,Grey Bruce Health Services - Wiarton,general,Hospitals,Public Health Agency of Canada,,369,mary st,N0H 2T0,wiarton,on,369 mary st. wiarton on n0h 2t0,South Bruce Peninsula,3541055.0,35,44.736996000000005,-81.138661
2487,3719,Groves Memorial Community Hospital,general,Hospitals,Public Health Agency of Canada,,235,union st e,N1M 1W3,fergus,on,235 union st. e. fergus on n1m 1w3,Centre Wellington,3523025.0,35,43.7053256,-80.3730598
2492,3723,Guelph General Hospital,general,Hospitals,Public Health Agency of Canada,,115,delhi st,N1E 4J4,guelph,on,115 delhi st. guelph on n1e 4j4,Guelph,3523008.0,35,43.5563618,-80.2535473
2500,3730,Haldimand War Memorial Hospital,general,Hospitals,Public Health Agency of Canada,,400,broad street w,N1A 2P7,dunnville,on,206 john st. dunnville on n1a 2p7,Haldimand County,3528018.0,35,42.904968,-79.6249358
2504,3737,Haliburton Highlands Health Services - Haliburton Hospital,general,Hospitals,Public Health Agency of Canada,,7199,gelert rd,K0M 1S0,haliburton,on,7199 gelert rd. haliburton on k0m 1s0,Dysart et al,3546024.0,35,45.0382326,-78.5294162
2514,3751,Halton Healthcare Services Corporation - Milton Site,general,Hospitals,Public Health Agency of Canada,,7030,derry rd e,L9T 2X5,milton,on,30 derry rd. e. milton on l9t 2x5,Milton,3524009.0,35,43.497184,-79.868466
2520,3762,Hamilton Health Sciences - Mcmaster,general,Hospitals,Public Health Agency of Canada,,1200,main st w,L8N 3Z5,hamilton,on,1200 main st. w. hamilton on l8n 3z5,Hamilton,3525005.0,35,43.2530003,-79.8605236
2522,3766,Hamilton Health Sciences - Hamilton General Hospital,general,Hospitals,Public Health Agency of Canada,,237,barton st e,L8L 2X2,hamilton,on,237 barton st. e. hamilton on l8l 2x2,Hamilton,3525005.0,35,43.2617528,-79.8543243
2523,3768,Hamilton Health Sciences - Juravinski Hospital,general,Hospitals,Public Health Agency of Canada,,711,concession st,L8V 1C3,hamilton,on,711 concession st. hamilton on l8v 1c3,Hamilton,3525005.0,35,43.2399446,-79.8464032
2540,3791,Hanover and District Hospital,general,Hospitals,Public Health Agency of Canada,,90,7 ave,N4N 1N1,hanover,on,90 - 7th ave. hanover on n4n 1n1,Hanover,3542029.0,35,44.141468,-81.02933399999999
2565,3818,Headwaters Health Care Centre - Headwaters Orangeville,general,Hospitals,Public Health Agency of Canada,,100,rollings hills dr,L9W 4X9,orangeville,on,100 rollings hills dr. orangeville on l9w 4x9,Orangeville,3522014.0,35,43.920509,-80.072243
2569,3823,Health Sciences North - Ramsey Lake Health Centre,general,Hospitals,Public Health Agency of Canada,,41,ramsey lake rd,P3E 5J1,sudbury,on,41 ramsey lake rd. sudbury on p3e 5j1,Greater Sudbury / Grand Sudbury,3553005.0,35,46.4679347,-80.99628359999998
2652,3913,Hotel Dieu Hospital - Religious Hospitallers of Saint Joseph of the Hotel Dieu of Kingston,general,Hospitals,Public Health Agency of Canada,,166,brock st,K7L 5G2,kingston,on,166 brock st. kingston on k7l 5g2,Kingston,3510010.0,35,44.2309092,-76.48603179999999
2668,3935,Humber River Regional Hospital - Church St. Site,general,Hospitals,Public Health Agency of Canada,,200,church st,M9N 1N8,weston,on,200 church st. weston on m9n 1n8,Toronto,3520005.0,35,43.7086562,-79.509922
2669,3937,Humber River Regional Hospital - Keele Street Site,general,Hospitals,Public Health Agency of Canada,,2175,keele st,M6M 3Z4,toronto,on,2175 keele st. toronto on m6m 3z4,Toronto,3520005.0,35,43.6974651,-79.47385140000002
2678,3947,Stratford General Hospital,general,Hospitals,Public Health Agency of Canada,,46,general hospital dr,N5A 2Y6,stratford,on,46 general hospital dr. stratford on n5a 2y6,Stratford,3531011.0,35,43.368168,-80.99548100000001
2679,3948,Huron Perth Healthcare Alliance - Clinton Public Hospital,general,Hospitals,Public Health Agency of Canada,,98,shipley st,N0M 1L0,clinton,on,98 shipley st. clinton on n0m 1l0,Central Huron,3540025.0,35,43.6218473,-81.54223409999999
2680,3949,Huron Perth Healthcare Alliance - Seaforth Community Hospital,general,Hospitals,Public Health Agency of Canada,,24,centennial dr,N0K 1W0,seaforth,on,24 centennial dr. seaforth on n0k 1w0,Huron East,3540040.0,35,43.5511473,-81.3851219
2682,3950,Huron Perth Healthcare Alliance - St. Marys Memorial Hospital,general,Hospitals,Public Health Agency of Canada,,267,queen st w,N4X 1B6,st marys,on,267 queen st. w. st. marys on n4x 1b6,St. Marys,3531016.0,35,43.258998600000005,-81.15189840000001
2685,3954,Huronia District Hospital,general,Hospitals,Public Health Agency of Canada,,1112,st andrews dr,L4R 4P4,midland,on,1112 st. andrew's dr. midland on l4r 4p4,Midland,3543074.0,35,44.742184,-79.913566
2692,3964,HÔPITAL GENERAL DE HAWKESBURY AND DISTRICT GENERAL HOSPITAL INC.,general,Hospitals,Public Health Agency of Canada,,1111,rue ghislain,K6A 3G5,hawkesbury,on,"1111, rue ghislain hawkesbury on k6a 3g5",Hawkesbury,3502008.0,35,45.5994979,-74.607557
2693,3965,HÔPITAL GLENGARRY MEMORIAL HOSPITAL,general,Hospitals,Public Health Agency of Canada,,20260,county rd 43,K0C 1A0,alexandria,on,20260 county rd. 43 alexandria on k0c 1a0,North Glengarry,3501050.0,35,45.305873,-74.644064
2695,3968,HÔPITAL MONTFORT HOSPITAL,general,Hospitals,Public Health Agency of Canada,,713,ch montréal rd,K1K 0T2,ottawa,on,"713, ch. montréal rd. ottawa on k1k 0t2",Ottawa,3506008.0,35,45.4459814,-75.63923840000001
2699,3974,Windsor Regional Hospital - Ouellette Campus,general,Hospitals,Public Health Agency of Canada,,1030,ouellette ave,N9A 1E1,windsor,on,1030 ouellette ave. windsor on n9a 1e1,Windsor,3537039.0,35,42.308636,-83.031988
2730,4005,Weeneebayko Area Heatlh Authority James Bay Ambulance Services,general,Ambulatory health care services,Public Health Agency of Canada,,78,ferguson rd,P0L 1Y0,moosonee,on,78 ferguson rd. moosonee on p0l 1y0,Moosonee,3556106.0,35,51.2711855,-80.65087079999999
2731,4006,James Bay General Hospital - Attawapiskat,general,Hospitals,Public Health Agency of Canada,,,general delivery,P0L 1A0,attawapiskat,on,general delivery attawapiskat on p0l 1h0,Attawapiskat 91A,3560051.0,35,52.922733,-82.426001
2732,4007,James Bay General Hospital - Fort Albany,general,Hospitals,Public Health Agency of Canada,,,general delivery,P0L 1H0,fort albany,on,general delivery fort albany on p0l 1h0,"Cochrane, Unorganized, North Part",3556092.0,35,52.20669,-81.6849
2746,4036,Joseph Brant Memorial Hospital,general,Hospitals,Public Health Agency of Canada,,1230,north shore blvd,L8S 1W7,burlington,on,1230 north shore blvd. burlington on l8s 1w7,Burlington,3524002.0,35,43.31715,-79.80261999999999
2760,4049,Kemptville District Hospital,general,Hospitals,Public Health Agency of Canada,,2675,concession rd,K0G 1J0,kemptville,on,2675 concession rd. kemptville on k0g 1j0,North Grenville,3507065.0,35,45.0099179,-75.64134820000001
2786,4077,Kingston General Hospital,general,Hospitals,Public Health Agency of Canada,,76,stuart st,K7L 2V7,kingston,on,76 stuart st. kingston on k7l 2v7,Kingston,3510010.0,35,44.224284,-76.4927891
2797,4091,Kirkland and District Hospital,general,Hospitals,Public Health Agency of Canada,,145,government rd e,P2N 3P4,kirkland lake,on,145 government rd. e. kirkland lake on p2n 3p4,Kirkland Lake,3554068.0,35,48.15345,-80.0147
2811,4106,Lady Dunn Health Centre,general,Hospitals,Public Health Agency of Canada,,10,government rd,P0S 1K0,wawa,on,10 government rd. wawa on p0s 1k0,Wawa,3557076.0,35,48.000868,-84.772074
2812,4108,Lady Minto Hospital,general,Hospitals,Public Health Agency of Canada,,241,8 st,P0L 1C0,cochrane,on,241 - 8th st. cochrane on p0l 1c0,Cochrane,3556042.0,35,49.070779,-81.02153100000001
2813,4109,Lake of the Woods District Hospital,general,Hospitals,Public Health Agency of Canada,,21,sylvan st w,P9N 3W7,kenora,on,21 sylvan st. w. kenora on p9n 3w7,Kenora,3560010.0,35,49.7671099,-94.4994107
2819,4118,Lakeridge Health - Bowmanville,general,Hospitals,Public Health Agency of Canada,,47,liberty st s,L1C 2N4,bowmanville,on,47 liberty st. s. bowmanville on l1c 2n4,Clarington,3518017.0,35,43.909145,-78.6791354
2820,4119,Lakeridge Health - Oshawa,general,Hospitals,Public Health Agency of Canada,,1,hospital crt,L1G 2B9,oshawa,on,1 hospital crt. oshawa on l1g 2b9,Oshawa,3518013.0,35,43.905564,-78.869384
2822,4120,Lakeridge Health - Port Perry,general,Hospitals,Public Health Agency of Canada,,451,paxton st,L9L 1A8,port perry,on,451 paxton st. port perry on l9l 1a8,Scugog,3518020.0,35,44.104888,-78.954839
2823,4121,Lakeridge Health - Whitby,general,Hospitals,Public Health Agency of Canada,,300,gordon st,L1N 5T2,whitby,on,300 gordon st. whitby on l1n 5t2,Whitby,3518009.0,35,43.856003,-78.944334
2824,4122,Lakeridge Health Ajax Pickering Hospital,general,Hospitals,Public Health Agency of Canada,,580,harwood ave s,L1S 2J4,ajax,on,580 harwood ave. s. ajax on l1s 2j4,Ajax,3518005.0,35,43.838028,-79.0177
2858,4160,Laverendrye General Hospital,general,Hospitals,Public Health Agency of Canada,,110,victoria ave,P9A 2B7,fort frances,on,110 victoria ave. fort frances on p9a 2b7,Fort Frances,3559012.0,35,48.6060113,-93.3925426
2867,4170,Leamington District Memorial Hospital,general,Hospitals,Public Health Agency of Canada,,194,talbot st w,N8H 1N9,leamington,on,194 talbot st. w. leamington on n8h 1n9,Leamington,3537003.0,35,42.048309,-82.614776
2873,4179,Lennox and Addington County General Hospital,general,Hospitals,Public Health Agency of Canada,,8,richmond park dr,K7R 2Z4,napanee,on,8 richmond park dr. napanee on k7r 2z4,Greater Napanee,3511015.0,35,44.240025,-76.96702900000001
2889,4196,Listowel Wingham Hospitals Alliance - Listowel Memorial Hospital,general,Hospitals,Public Health Agency of Canada,,255,elizabeth st e,N4W 2P5,listowel,on,255 elizabeth st. e. listowel on n4w 2p5,North Perth,3531040.0,35,43.7333597,-80.94894090000001
2890,4197,Listowel Wingham Hospitals Alliance - Wingham and District Hospital,general,Hospitals,Public Health Agency of Canada,,270,carling terrace,N0G 2W0,wingham,on,270 carling terrace wingham on n0g 2w0,North Huron,3540055.0,35,43.8848,-81.306698
2900,4205,London Health Sciences Centre - Victoria,general,Hospitals,Public Health Agency of Canada,,800,commissioners rd e,N6A 5W9,london,on,800 commissioners rd. e. london on n6a 5w9,London,3539036.0,35,42.960029,-81.22543
2901,4206,London Health Sciences Centre - South Street Site,general,Hospitals,Public Health Agency of Canada,,375,south st,N6A 4G5,london,on,375 south st. london on n6a 4g5,London,3539036.0,35,42.9868096,-81.2511264
2902,4208,London Health Sciences Centre - University Campus,general,Hospitals,Public Health Agency of Canada,,339,windermere rd,N6A 5A5,london,on,339 windermere rd. london on n6a 5a5,London,3539036.0,35,43.012453,-81.27454200000001
2929,4242,Mackenzie Richmond Hill Hospital,general,Hospitals,Public Health Agency of Canada,,10,trench st,L4C 4Z3,richmond hill,on,10 trench st. richmond hill on l4c 4z3,Richmond Hill,3519038.0,35,43.8705482,-79.4503859
2948,4264,Manitoulin Health Centre - Little Current Site,general,Hospitals,Public Health Agency of Canada,,11,meredith st w,P0P 1K0,little current,on,11 - 13 meredith st. w. little current on p0p 1k0,Northeastern Manitoulin and the Islands,3551017.0,35,45.978547,-81.92662
2951,4269,Manitouwadge General Hospital,general,Hospitals,Public Health Agency of Canada,,1,health care cres,P0T 2C0,manitouwadge,on,1 health care cres. manitouwadge on p0t 2c0,Manitouwadge,3558066.0,35,49.127201,-85.82422640000001
2997,4320,Markham Stouffville Hospital,general,Hospitals,Public Health Agency of Canada,,381,church st,L3P 7P3,markham,on,381 church st. markham on l3p 7p3,Markham,3519036.0,35,43.883994,-79.231971
2998,4322,Markham Stouffville Hospital - Uxbridge Site,general,Hospitals,Public Health Agency of Canada,,4,campbell dr,L9P 1S4,uxbridge,on,4 campbell dr. uxbridge on l9p 1s4,Uxbridge,3518029.0,35,44.102915,-79.12740500000001
3006,4332,Mattawa General Hospital Inc.,general,Hospitals,Public Health Agency of Canada,,217,tucotte park rd,P0H 1V0,mattawa,on,217 tucotte park. rd. mattawa on p0h 1v0,Black River-Matheson,3556014.0,35,48.539433,-80.469727
3078,4435,Mount Sinai Hospital,general,Hospitals,Public Health Agency of Canada,,600,university ave,M5G 1X5,toronto,on,600 university ave. toronto on m5g 1x5,Toronto,3520005.0,35,43.6575099,-79.3902938
3088,4447,Muskoka Algonquin Healthcare - Huntsville District Memorial Hospital Site,general,Hospitals,Public Health Agency of Canada,,100,frank miller dr,P1H 1H7,huntsville,on,100 frank miller dr. huntsville on p1h 1h7,Bracebridge,3544018.0,35,45.047582,-79.314327
3115,4479,Niagara Health System - Douglas Memorial Hospital,general,Hospitals,Public Health Agency of Canada,,230,bertie st,L2A 1Z2,fort erie,on,230 bertie st. fort erie on l2a 1z2,Fort Erie,3526003.0,35,42.9124531,-78.9241185
3116,4481,Niagara Health System - Greater Niagara General Site,general,Hospitals,Public Health Agency of Canada,,5546,portage rd,L2E 6X2,niagara falls,on,5546 portage rd. niagara falls on l2e 6x2,Niagara Falls,3526043.0,35,43.094227,-79.089464
3117,4483,Niagara Health System - Niagara-on-the-Lake Hospital Site,general,Hospitals,Public Health Agency of Canada,,176,wellington st,L0S 1J0,niagara-on-the-lake,on,176 wellington st. niagara-on-the-lake on l0s 1j0,Niagara-on-the-Lake,3526047.0,35,43.2532233,-79.06611690000001
3118,4485,Niagara Health System - Port Colborne General Site,general,Hospitals,Public Health Agency of Canada,,260,sugarloaf st,L3K 2N7,port colborne,on,260 sugarloaf st. port colborne on l3k 2n7,Port Colborne,3526011.0,35,42.879704100000005,-79.2586964
3120,4487,Niagara Health System - St. Catharines General Site,general,Hospitals,Public Health Agency of Canada,,142,queenston st,L2R 7C6,st catharines,on,142 queenston st. st. catharines on l2r 7c6,St. Catharines,3526053.0,35,43.153663,-79.2785
3134,4503,Nipigon District Memorial Hospital,general,Hospitals,Public Health Agency of Canada,,125,hogan rd,P0T 2J0,nipigon,on,125 hogan rd. nipigon on p0t 2j0,Nipigon,3558044.0,35,49.0155755,-88.2759054
3144,4516,Norfolk General Hospital,general,Hospitals,Public Health Agency of Canada,,365,west st,N3Y 1T7,simcoe,on,365 west st. simcoe on n3y 1t7,Norfolk County,3528052.0,35,42.8354184,-80.3145314
3146,4518,North Bay General Hospital - Mclaren Site,general,Hospitals,Public Health Agency of Canada,,720,mclaren st,P1B 5A4,north bay,on,720 mclaren st. north bay on p1b 5a4,North Bay,3548044.0,35,46.3196998,-79.4661452
3151,4523,North Bay Regional Health Centre,general,Hospitals,Public Health Agency of Canada,,50,college dr,P1B 0A4,north bay,on,50 college dr. north bay on p1b 0a4,North Bay,3548044.0,35,46.335613,-79.498369
3182,4573,North Wellington Health Care - Louise Marshall Hospital,general,Hospitals,Public Health Agency of Canada,,630,dublin st,N0G 2L3,mount forest,on,630 dublin st. mount forest on n0g 2l3,Wellington North,3523050.0,35,43.97461989999999,-80.73751709999999
3186,4584,North York General Hospital - Branson Division,general,Hospitals,Public Health Agency of Canada,,555,finch ave w,M2R 1N5,north york,on,555 finch ave. w. north york on m2r 1n5,Toronto,3520005.0,35,43.7724535,-79.44813609999999
3187,4586,North York General Hospital - General Division,general,Hospitals,Public Health Agency of Canada,,4001,leslie st,M2K 1E1,north york,on,4001 leslie st. north york on m2k 1e1,Toronto,3520005.0,35,43.76954979999999,-79.36320649999999
3203,4601,Northumberland Hills Hospital,general,Hospitals,Public Health Agency of Canada,,1000,depalma dr,K9A 2W6,cobourg,on,1000 depalma dr. cobourg on k9a 2w6,Cobourg,3514021.0,35,43.977748,-78.198437
3213,4612,Notre-Dame Hospital - Hearst,general,Hospitals,Public Health Agency of Canada,,1405,edward st,P0L 1N0,hearst,on,1405 edward st. hearst on p0l 1n0,Hearst,3556076.0,35,49.6857339,-83.67905
3259,4673,Orillia Soldiers' Memorial Hospital,general,Hospitals,Public Health Agency of Canada,,170,colborne st w,L3V 2Z3,orillia,on,170 colborne st. w. orillia on l3v 2z3,Orillia,3543052.0,35,44.605089,-79.425605
3322,4738,Pembroke Regional Hospital,general,Hospitals,Public Health Agency of Canada,,705,mackay st,K8A 1G8,pembroke,on,705 mackay st. pembroke on k8a 1g8,Pembroke,3547064.0,35,45.8141184,-77.1067995
3340,4755,Perth and Smiths Falls District Hospital,general,Hospitals,Public Health Agency of Canada,,60,cornelia st w,K7A 2H9,smiths falls,on,60 cornelia st. w. smiths falls on k7a 2h9,Drummond/North Elmsley,3509010.0,35,44.906447,-76.13975400000001
3350,4767,Peterborough Regional Health Centre,general,Hospitals,Public Health Agency of Canada,,1,hospital dr,K9J 7C6,peterborough,on,1 hospital dr. peterborough on k9j 7c6,Peterborough,3515014.0,35,44.3002405,-78.3473413
3435,4860,Queensway Carleton Hospital,general,Hospitals,Public Health Agency of Canada,,3045,baseline rd,K2H 8P4,ottawa,on,3045 baseline rd. ottawa on k2h 8p4,Ottawa,3506008.0,35,45.3350269,-75.8069842
3440,4868,Quinte Health Care - North Hastings District Hospital,general,Hospitals,Public Health Agency of Canada,,1 h,manor lane,K0L 1C0,bancroft,on,1 h manor lane bancroft on k0l 1c0,Bancroft,3512061.0,35,45.055076,-77.8642118
3442,4876,Belleville General Hospital,general,Hospitals,Public Health Agency of Canada,,265,dundas st e,K8N 5A9,belleville,on,265 dundas st. e. belleville on k8n 5a9,Belleville,3512005.0,35,44.1627054,-77.3643232
3443,4877,Quinte Health Care - Prince Edward County Memorial Hospital,general,Hospitals,Public Health Agency of Canada,,403,main st e,K0K 2T0,picton,on,403 main st. e. picton on k0k 2t0,Prince Edward County,3513020.0,35,44.0158672,-77.1375427
3444,4878,Quinte Healthcare Corporation - Trenton Memorial Hospital,general,Hospitals,Public Health Agency of Canada,,242,king st,K8V 5S6,trenton,on,242 king st. trenton on k8v 5s6,Quinte West,3512015.0,35,44.0998993,-77.58824270000001
3458,4892,Red Lake Margaret Cochenour Memorial Hospital,general,Hospitals,Public Health Agency of Canada,,51,hwy 105,P0V 2M0,red lake,on,51 hwy. 105 red lake on p0v 2m0,Red Lake,3560042.0,35,51.0132617,-93.8224349
3490,4947,Renfrew Victoria Hospital,general,Hospitals,Public Health Agency of Canada,,499,raglan st n,K7V 1P6,renfrew,on,499 raglan st. n. renfrew on k7v 1p6,Renfrew,3547048.0,35,45.4826219,-76.69672249999999
3555,5068,Scarborough Health Network - Centenary Hospital,general,Hospitals,Public Health Agency of Canada,,2867,ellesmere rd,M1E 4B9,toronto,on,2867 ellesmere rd. toronto on m1e 4b9,Toronto,3520005.0,35,43.7807594,-79.20502259999999
3592,5123,Sault Area Hospital,general,Hospitals,Public Health Agency of Canada,,750,great northern rd,P6B 0A8,sault ste marie,on,750 great northern rd. sault ste. marie on p6b 0a8,Sault Ste. Marie,3557061.0,35,46.5488136,-84.3111593
3632,5189,Sensenbrenner Hospital,general,Hospitals,Public Health Agency of Canada,,101,progress cres,P5N 3H5,kapuskasing,on,101 progress cres. kapuskasing on p5n 3h5,Kapuskasing,3556066.0,35,49.42561,-82.427581
3674,5236,Shouldice Hospital Ltd.,general,Hospitals,Public Health Agency of Canada,,7750,bayview ave,L3T 4A3,thornhill,on,7750 bayview ave. thornhill on l3t 4a3,Markham,3519036.0,35,43.8206976,-79.40423840000001
3683,5284,Sioux Lookout Meno Ya Win Health Centre,general,Hospitals,Public Health Agency of Canada,,1,meno ya win way,P8T 1B4,sioux lookout,on,1 meno ya min way sioux lookout on p8t 1b4,Sioux Lookout,3560034.0,35,50.1045094,-91.9268373
3684,5289,Sioux Lookout Meno-Ya-Win Health Centre - Seventh Avenue Site,general,Hospitals,Public Health Agency of Canada,,74,7 ave,P8T 1C2,sioux lookout,on,74 7th ave. sioux lookout on p8t 1c2,Sioux Lookout,3560034.0,35,50.1024549,-91.9241884
3693,5299,Smooth Rock Falls Hospital,general,Hospitals,Public Health Agency of Canada,,107,kelly rd,P0L 2B0,smooth rock falls,on,107 kelly rd. smooth rock falls on p0l 2b0,Smooth Rock Falls,3556048.0,35,49.272285,-81.610265
3703,5308,South Bruce Grey Health Centre - Walkerton,general,Hospitals,Public Health Agency of Canada,,21,mcgivern st,N0G 2V0,walkerton,on,21 mcgivern st. walkerton on n0g 2v0,Brockton,3541032.0,35,44.1229318,-81.1528703
3704,5309,South Bruce Grey Health Centre - Chesley,general,Hospitals,Public Health Agency of Canada,,39,2 st se,N0G 1L0,chesley,on,39 - 2nd st. s.e. chesley on n0g 1l0,Arran-Elderslie,3541043.0,35,44.298492,-81.093232
3706,5310,South Bruce Grey Health Centre - Durham,general,Hospitals,Public Health Agency of Canada,,320,college st,N0G 1R0,durham,on,320 college st. durham on n0g 1r0,West Grey,3542004.0,35,44.1798659,-80.828585
3707,5311,South Bruce Grey Health Centre - Kincardine,general,Hospitals,Public Health Agency of Canada,,43,queen st,N2Z 2Z2,kincardine,on,43 queen st. kincardine on n2z 2z2,Kincardine,3541024.0,35,44.1890238,-81.62547540000001
3716,5326,South Huron Hospital,general,Hospitals,Public Health Agency of Canada,,24,huron st w,N0M 1S2,exeter,on,24 huron st. w. exeter on n0m 1s2,South Huron,3540005.0,35,43.3434413,-81.4808245
3717,5327,South Muskoka Memorial Hospital,general,Hospitals,Public Health Agency of Canada,,75,ann st,P1L 2E4,bracebridge,on,75 ann st. bracebridge on p1l 2e4,Bracebridge,3544018.0,35,45.04781,-79.314359
3735,5369,Southlake Regional Health Centre,general,Hospitals,Public Health Agency of Canada,,596,davis dr,L3Y 2P9,newmarket,on,596 davis dr. newmarket on l3y 2p9,Newmarket,3519048.0,35,44.0602265,-79.4522927
3760,5407,St. Francis Memorial Hospital,general,Hospitals,Public Health Agency of Canada,,7,st francis memorial dr,K0J 1B0,barrys bay,on,7 st. francis memorial dr. barry's bay on k0j 1b0,Madawaska Valley,3547030.0,35,45.482208,-77.69469699999999
3775,5422,St. Joseph's General Hospital - Elliot Lake,general,Hospitals,Public Health Agency of Canada,,70,spine rd,P5A 1X2,elliot lake,on,70 spine rd. elliot lake on p5a 1x2,Elliot Lake,3557041.0,35,46.384833,-82.660924
3780,5429,St. Joseph's Health Centre - Toronto,general,Hospitals,Public Health Agency of Canada,,30,the queensway,M6R 1B5,toronto,on,30 the queensway toronto on m6r 1b5,Toronto,3520005.0,35,43.640631,-79.450314
3782,5431,St. Joseph's Healthcare - Charlton Campus,general,Hospitals,Public Health Agency of Canada,,50,charlton ave e,L8N 4A6,hamilton,on,50 charlton ave. e. hamilton on l8n 4a6,Hamilton,3525005.0,35,43.240445,-79.884108
3788,5438,St. Joseph's Hospital - London,general,Hospitals,Public Health Agency of Canada,,268,grosvenor st,N6A 4V2,london,on,268 grosvenor st. london on n6a 4v2,London,3539036.0,35,43.000280100000005,-81.25334699999999
3804,5460,St. Mary's General Hospital,general,Hospitals,Public Health Agency of Canada,,911,queens blvd,N2M 1B2,kitchener,on,911 queen's blvd. kitchener on n2m 1b2,Kitchener,3530013.0,35,43.4382883,-80.5007975
3809,5466,St. Michael's Hospital - Bond St. Site,general,Hospitals,Public Health Agency of Canada,,30,bond st,M5B 1W8,toronto,on,30 bond st. toronto on m5b 1w8,Toronto,3520005.0,35,43.65391470000001,-79.37767059999999
3815,5474,St. Thomas - Elgin General Hospital,general,Hospitals,Public Health Agency of Canada,,189,elm st,N5R 5C4,st thomas,on,189 elm st. st. thomas on n5r 5c4,St. Thomas,3534021.0,35,42.7628781,-81.18078270000001
3818,5477,Stevenson Memorial Hospital,general,Hospitals,Public Health Agency of Canada,,200,fletcher cres,L9R 1W7,alliston,on,200 fletcher cres. alliston on l9r 1w7,New Tecumseth,3543007.0,35,44.155748,-79.875121
3834,5493,Strathroy Middlesex General Hospital,general,Hospitals,Public Health Agency of Canada,,395,carrie st,N7G 3J4,strathroy,on,395 carrie st. strathroy on n7g 3j4,Strathroy-Caradoc,3539015.0,35,42.9609382,-81.63469640000001
3894,5558,Temiskaming Hospital,general,Hospitals,Public Health Agency of Canada,,421,shepheardson rd,P0J 1P0,new liskeard,on,421 shepheardson rd. new liskeard on p0j 1p0,Temiskaming Shores,3554020.0,35,47.495162,-79.69315300000001
3974,5657,THE OTTAWA HOSPITAL/L'HÔPITAL D'OTTAWA - GENERAL CAMPUS,general,Hospitals,Public Health Agency of Canada,,501,smyth rd,K1H 8L6,ottawa,on,501 smyth rd. ottawa on k1h 8l6,Ottawa,3506008.0,35,45.40172020000001,-75.6469402
3975,5658,the Ottawa Hospital - Riverside Campus,general,Hospitals,Public Health Agency of Canada,,1967,riverside dr,K1H 7W9,ottawa,on,1967 riverside dr. ottawa on k1h 7w9,Ottawa,3506008.0,35,45.3963547,-75.66885570000001
3978,5660,the Ottawa Hospital - Civic Campus,general,Hospitals,Public Health Agency of Canada,,1053,carling ave,K1Y 4E9,ottawa,on,1053 carling ave. ottawa on k1y 4e9,Ottawa,3506008.0,35,45.3925787,-75.7214357
3991,5677,Check Address for Confirmation,general,Hospitals,Public Health Agency of Canada,,201,georgian dr,L4M 6M2,barrie,on,201 georgian dr. barrie on l4m 6m2,Barrie,3543042.0,35,44.4159999,-79.66193100000001
3998,5686,the Scarborough Hospital - General Campus,general,Hospitals,Public Health Agency of Canada,,3050,lawrence ave e,M1P 2V5,scarborough,on,3050 lawrence ave. e. scarborough on m1p 2v5,Toronto,3520005.0,35,43.7557343,-79.2468315
3999,5687,the Scarborough Hospital - Grace Campus,general,Hospitals,Public Health Agency of Canada,,3030,birchmount rd,M1W 3W3,scarborough,on,3030 birchmount rd. scarborough on m1w 3w3,Toronto,3520005.0,35,43.8018288,-79.3087567
4043,5732,Thessalon Hospital,general,Hospitals,Public Health Agency of Canada,,135,dawson st,P0R 1L0,thessalon,on,135 dawson st. thessalon on p0r 1l0,Thessalon,3557028.0,35,46.2630206,-83.56246259999999
4052,5743,Thunder Bay Regional Health Sciences Centre,general,Hospitals,Public Health Agency of Canada,,980,oliver rd,P7B 6V4,thunder bay,on,980 oliver rd. thunder bay on p7b 6v4,Thunder Bay,3558004.0,35,48.4247133,-89.269097
4056,5748,Tillsonburg District Memorial Hospital,general,Hospitals,Public Health Agency of Canada,,167,rolph st,N4G 3Y9,tillsonburg,on,167 rolph st. tillsonburg on n4g 3y9,Tillsonburg,3532004.0,35,42.863122,-80.734751
4063,5755,TIMMINS AND DISTRICT HOSPITAL/L'HÔPITAL DE TIMMINS ET DU DISTRICT,general,Hospitals,Public Health Agency of Canada,,700,ross ave e,P4N 8P2,timmins,on,700 ross ave. e. timmins on p4n 8p2,Timmins,3556027.0,35,48.4875869,-81.3135915
4074,5767,Toronto East General Hospital,general,Hospitals,Public Health Agency of Canada,,825,coxwell ave,M4C 3E7,toronto,on,825 coxwell ave. toronto on m4c 3e7,Toronto,3520005.0,35,43.6897586,-79.3259225
4100,5794,Trillium Health Partners  Mississauga Hospital,general,Hospitals,Public Health Agency of Canada,,100,queensway w,L5B 1B8,mississauga,on,100 queensway w. mississauga on l5b 1b8,Mississauga,3521005.0,35,43.571586,-79.607685
4101,5797,Trillium Health Partners - Queensway Health Centre,general,Hospitals,Public Health Agency of Canada,,150,sherway dr,M9C 1A5,etobicoke,on,150 sherway dr. etobicoke on m9c 1a5,Toronto,3520005.0,35,43.609267,-79.56257
4139,5851,University Health Network - Toronto General Hospital,general,Hospitals,Public Health Agency of Canada,,200,elizabeth st,M5G 2C4,toronto,on,200 elizabeth st. toronto on m5g 2c4,Toronto,3520005.0,35,43.6591111,-79.38820940000001
4140,5853,University Health Network - Toronto Western Hospital,general,Hospitals,Public Health Agency of Canada,,399,bathurst st,M5T 2S8,toronto,on,399 bathurst st. toronto on m5t 2s8,Toronto,3520005.0,35,43.6537025,-79.4060937
4257,5990,Weeneebayko General Hospital,general,Hospitals,Public Health Agency of Canada,,19,hospital dr,P0L 1W0,moose factory,on,19 hospital dr. moose factory on p0l 1w0,"Cochrane, Unorganized, North Part",3556092.0,35,51.24996420000001,-80.6162644
4262,5996,Wellington Health Care Alliance - Palmerston and District Hospital,general,Hospitals,Public Health Agency of Canada,,500,whites rd,N0G 2P0,palmerston,on,500 whites rd. palmerston on n0g 2p0,Minto,3523043.0,35,43.839041,-80.842839
4279,6015,West Haldimand General Hospital,general,Hospitals,Public Health Agency of Canada,,75,parkview rd,N0A 1H0,hagersville,on,75 parkview rd. hagersville on n0a 1h0,Haldimand County,3528018.0,35,42.9587679,-80.0447807
4281,6017,West Lincoln Memorial Hospital,general,Hospitals,Public Health Agency of Canada,,169,main st e,L3M 1P3,grimsby,on,169 main st. e. grimsby on l3m 1p3,Grimsby,3526065.0,35,43.188256,-79.54190600000001
4285,6020,the West Nipissing General Hospital,general,Hospitals,Public Health Agency of Canada,,725,coursol rd,P2B 2Y6,sturgeon falls,on,725 coursol rd. sturgeon falls on p2b 2y6,West Nipissing / Nipissing Ouest,3548055.0,35,46.3722814,-79.91620309999999
4289,6027,West Parry Sound Health Centre,general,Hospitals,Public Health Agency of Canada,,6,albert st,P2A 3A4,parry sound,on,6 albert st. parry sound on p2a 3a4,Parry Sound,3549032.0,35,45.340743,-80.016767
4312,6051,William Osler Health System - Brampton Civic Hospital,general,Hospitals,Public Health Agency of Canada,,2100,bovaird dr e,L6T 3S1,brampton,on,2100 bovaird dr. e. brampton on l6t 3s1,Brampton,3521010.0,35,43.747466,-79.743223
4318,6064,Wilson Memorial General Hospital,general,Hospitals,Public Health Agency of Canada,,26,peninsula rd,P0T 2E0,marathon,on,26 peninsula rd. marathon on p0t 2e0,Marathon,3558059.0,35,48.718523,-86.3754
4320,6067,Winchester District Memorial Hospital,general,Hospitals,Public Health Agency of Canada,,566,louise st,K0C 2K0,winchester,on,566 louise st. winchester on k0c 2k0,North Dundas,3501030.0,35,45.0886156,-75.3522595
4327,6076,Windsor Regional Hospital - Metropolitan Campus,general,Hospitals,Public Health Agency of Canada,,1995,lens ave,N8W 1L9,windsor,on,1995 lens ave. windsor on n8w 1l9,Windsor,3537039.0,35,42.30040579999999,-82.99723
4332,6083,the Care Centre,general,Nursing and residential care facilities,Public Health Agency of Canada,,510,second st e,K6H 1Z6,cornwall,on,510 second st. e. cornwall on k6h 1z6,Cornwall,3501012.0,35,45.029677500000005,-74.7186865
4351,6102,Woodstock General Hospital,general,Hospitals,Public Health Agency of Canada,,310,juliana dr,N4V 0A4,woodstock,on,310 juliana dr. woodstock on n4v 0a4,Woodstock,3532042.0,35,43.106451,-80.7537011
