_id,name,longitude,latitude
1,Scarborough North,-79.24287003538682,43.82399272520154
2,Scarborough-Rouge Park,-79.16360160417264,43.794210766943564
3,Parkdale-High Park,-79.43886670039956,43.64508644083693
4,Don Valley West,-79.40678074949807,43.74854007722894
5,Etobicoke North,-79.6176378075318,43.73810828935911
6,Don Valley North,-79.34068607011201,43.77440355116445
7,Eglinton-Lawrence,-79.42857186691637,43.719798152339564
8,Etobicoke-Lakeshore,-79.50293816934983,43.628018538118255
9,Toronto-St. Paul's,-79.4411405905638,43.69452030328318
10,Toronto-St. Paul's,-79.39397584130063,43.68595080638596
11,Toronto-Danforth,-79.33466211530394,43.67954288782287
12,Scarborough-Guildwood,-79.19152202912737,43.761068166342255
13,Scarborough Southwest,-79.25506270350353,43.73479014329829
14,Scarborough-Agincourt,-79.2991153286616,43.781682495272456
15,Don Valley East,-79.34672603325102,43.74581400635624
16,Don Valley West,-79.40215728239794,43.726217004985585
17,Scarborough Southwest,-79.23326107765529,43.723956761795435
18,Scarborough-Guildwood,-79.22778766284232,43.7646440088669
19,Scarborough North,-79.2629602053098,43.78913691711762
20,Etobicoke Centre,-79.58269598803079,43.657466739893444
21,Beaches-East York,-79.30503819952946,43.66916300886558
22,Etobicoke Centre,-79.54510308321025,43.64934817811899
23,Don Valley North,-79.36506365548586,43.76914594362765
24,Etobicoke-Lakeshore,-79.54935369524489,43.623341011491526
25,Scarborough Southwest,-79.26849460456525,43.69591687317466
26,Etobicoke North,-79.5703767704744,43.717877208056265
27,Don Valley North,-79.35083300207528,43.793177934307614
28,York South-Weston,-79.48218487915105,43.70718484802335
29,York South-Weston,-79.48530162768527,43.684300394646705
30,Humber River-Black Creek,-79.51437064341629,43.74598270620593
31,Etobicoke Centre,-79.53855364490265,43.67807101554298
32,Humber River-Black Creek,-79.50977609677243,43.72357286147922
33,York Centre,-79.45972679670444,43.75065414442076
34,Scarborough Centre,-79.29151840526467,43.76269182180581
35,Scarborough-Agincourt,-79.3238025417745,43.81404197971089
36,York Centre,-79.46003220958877,43.73475551314084
38,Don Valley East,-79.31493442307915,43.72425342111256
39,York South-Weston,-79.51238441086845,43.700598701163585
40,Humber River-Black Creek,-79.54916543469865,43.75525826208755
41,York Centre,-79.44428604631182,43.77628552152056
42,Willowdale,-79.39365587991135,43.79012700729375
43,Willowdale,-79.41535477493491,43.7726358500692
44,Spadina-Fort York,-79.38861301635802,43.63769031093413
45,Toronto Centre,-79.37556405277462,43.67209505575769
46,Spadina-Fort York,-79.35907450522743,43.62540074601082
47,Eglinton-Lawrence,-79.41879411577635,43.703124459941236
48,Don Valley West,-79.38372595896112,43.74864461500859
49,Scarborough North,-79.27725628028892,43.80691964458345
50,Don Valley East,-79.3491121871106,43.72113579469095
51,Etobicoke-Lakeshore,-79.50696999339536,43.60111851707651
52,Don Valley West,-79.3646982931217,43.70871401084624
53,Don Valley East,-79.3143827967515,43.74391817294652
54,Humber River-Black Creek,-79.49272359460772,43.76682151043532
55,Etobicoke-Lakeshore,-79.54398894064038,43.6025703358919
56,Toronto-Danforth,-79.32500729161569,43.66153875942057
57,Parkdale-High Park,-79.47805882881508,43.647987023873846
58,Parkdale-High Park,-79.49095392555208,43.66435015134867
59,Spadina-Fort York,-79.42132972699531,43.63367698401231
60,Beaches-East York,-79.29906526593534,43.68192334099236
61,Scarborough-Rouge Park,-79.14806589221874,43.77739193506365
62,Toronto Centre,-79.38466176846124,43.663057420183144
63,York Centre,-79.48331573937485,43.735237637205344
64,Etobicoke North,-79.57191964891244,43.69496046639946
65,Toronto-Danforth,-79.34234371990777,43.690986162239845
66,Etobicoke-Lakeshore,-79.50484704382086,43.6464360660255
67,Scarborough North,-79.22596190861587,43.795406608873364
68,Parkdale-High Park,-79.46475396081073,43.66474178259143
69,Davenport,-79.43812588534881,43.66732775258845
70,Davenport,-79.44862626046506,43.67936613193911
71,Spadina-Fort York,-79.40977375240172,43.64733611937424
72,University-Rosedale,-79.41182414029672,43.67296222716639
73,University-Rosedale,-79.38892037955517,43.67187486127358
74,Scarborough Southwest,-79.2840906320077,43.72039942742826
75,Toronto-St. Paul's,-79.43075215729337,43.6801051517752
76,Spadina-Fort York,-79.38956419026319,43.648306533953104
77,Toronto Centre,-79.36615396903518,43.65052080797543
78,Toronto-Danforth,-79.34351818587716,43.667766681619774
79,University-Rosedale,-79.40478172527834,43.6568245964379
80,Toronto Centre,-79.36485420222256,43.65937053407145
81,Eglinton-Lawrence,-79.39976830187865,43.70965675951017
82,Etobicoke North,-79.58690585228841,43.74021870557029
83,Scarborough Centre,-79.26685107132796,43.75496694557759
84,Beaches-East York,-79.31659701016208,43.695187459613955
85,Scarborough-Rouge Park,-79.18874082377098,43.80490579237686
